{
  "P1": [
    0.25510204081632654,
    0.6217948717948718
  ],
  "P2": [
    0.25510204081632654,
    0.6217948717948718
  ],
  "P3": [
    0.25510204081632654,
    0.6217948717948718
  ],
  "T3": [
    0.25510204081632654,
    0.6217948717948718
  ],
  "P4": [
    0.2464440274400776,
    0.6054778465857873
  ],
  "P5": [
    0.25510204081632654,
    0.6217948717948718
  ],
  "P6": [
    0.25510204081632654,
    0.6217948717948718
  ]
}