{
  "P1": [
    0.8076923076923077,
    0.5285714285714286
  ],
  "P2": [
    0.5314685314685315,
    0.5214285714285715
  ],
  "P3": [
    0.24125874125874125,
    0.5214285714285715
  ],
  "P4": [
    0.541958041958042,
    0.5214285714285715
  ]
}