{
  "P1": [
    0.7612612612612613,
    0.36764705882352944
  ],
  "P2": [
    0.07216494845360824,
    0.36764705882352944
  ],
  "P3": [
    0.3738738738738739,
    0.36764705882352944
  ]
}