{
  "P1": [
    0.25510204081632654,
    0.625
  ],
  "P2": [
    0.25510204081632654,
    0.625
  ],
  "P3": [
    0.25510204081632654,
    0.625
  ],
  "T3": [
    0.25510204081632654,
    0.625
  ],
  "P4": [
    0.25510204081632654,
    0.625
  ],
  "P5": [
    0.25510204081632654,
    0.625
  ],
  "P6": [
    0.25510204081632654,
    0.625
  ]
}