{
  "P1": [
    0.7342342342342343,
    0.36764705882352944
  ],
  "P2": [
    0.11711711711711711,
    0.38235294117647056
  ],
  "P3": [
    0.38288288288288286,
    0.35294117647058826
  ]
}