{
  "P1": [
    0.3413793103448276,
    0.3026315789473684
  ],
  "P2": [
    0.2793103448275862,
    0.5855263157894737
  ],
  "P3": [
    0.7068965517241379,
    0.5855263157894737
  ],
  "P5": [
    0.7965517241379311,
    0.8618421052631579
  ],
  "P7": [
    0.2793103448275862,
    0.8618421052631579
  ],
  "P4": [
    0.8,
    0.5855263157894737
  ],
  "P6": [
    0.49310344827586206,
    0.8618421052631579
  ],
  "T8": [
    0.05862068965517241,
    0.5921052631578947
  ],
  "P8": [
    0.05862068965517241,
    0.5921052631578947
  ],
  "T7": [
    0.32413793103448274,
    0.8552631578947368
  ],
  "double_cast_points": [
    "P4",
    "P5"
  ]
}