{
  "P1": [
    0.35034013605442177,
    0.2714285714285714
  ],
  "P2": [
    0.2891156462585034,
    0.5785714285714286
  ],
  "P3": [
    0.7380952380952381,
    0.5785714285714286
  ],
  "P5": [
    0.826530612244898,
    0.8785714285714286
  ],
  "P7": [
    0.40816326530612246,
    0.9142857142857143
  ],
  "P4": [
    0.826530612244898,
    0.5785714285714286
  ],
  "P6": [
    0.4931972789115646,
    0.8785714285714286
  ],
  "T8": [
    0.07142857142857142,
    0.5857142857142857
  ],
  "P8": [
    0.07142857142857142,
    0.5857142857142857
  ],
  "T7": [
    0.3333333333333333,
    0.8714285714285714
  ],
  "double_cast_points": [
    "P4",
    "P5"
  ]
}