{
  "P1": [
    0.3413793103448276,
    0.34523809523809523
  ],
  "P2": [
    0.27241379310344827,
    0.5952380952380952
  ],
  "P3": [
    0.7068965517241379,
    0.6011904761904762
  ],
  "P5": [
    0.8,
    0.8511904761904762
  ],
  "P7": [
    0.32068965517241377,
    0.8511904761904762
  ],
  "P8": [
    0.28620689655172415,
    0.8511904761904762
  ],
  "P4": [
    0.8448275862068966,
    0.6011904761904762
  ],
  "P6": [
    0.5413793103448276,
    0.8511904761904762
  ],
  "T8": [
    0.32068965517241377,
    0.8511904761904762
  ],
  "T9": [
    0.05862068965517241,
    0.6071428571428571
  ],
  "P9": [
    0.05862068965517241,
    0.6071428571428571
  ],
  "double_cast_points": [
    "P4",
    "P5"
  ]
}