{
  "P1": [
    0.388,
    0.5258620689655172
  ],
  "P2": [
    0.62,
    0.5258620689655172
  ],
  "P3": [
    0.628,
    0.5258620689655172
  ],
  "P4": [
    0.372,
    0.5258620689655172
  ]
}