{
  "P1": [
    0.39915966386554624,
    0.5564516129032258
  ],
  "P2": [
    0.6596638655462185,
    0.5564516129032258
  ],
  "P3": [
    0.6512605042016807,
    0.5564516129032258
  ],
  "P4": [
    0.40756302521008403,
    0.5564516129032258
  ]
}