{
  "P1": [
    0.6932773109243697,
    0.7983870967741935
  ],
  "P2": [
    0.3907563025210084,
    0.7983870967741935
  ],
  "P3": [
    0.39915966386554624,
    0.7983870967741935
  ],
  "P4": [
    0.6848739495798319,
    0.7983870967741935
  ]
}