{
  "P1": [
    0.3712871287128713,
    0.48404255319148937
  ],
  "P2": [
    0.4207920792079208,
    0.48404255319148937
  ],
  "PLATFORM_A": [
    0.2623762376237624,
    0.8776595744680851
  ],
  "PLATFORM_B": [
    0.13861386138613863,
    0.7180851063829787
  ],
  "PLATFORM_C": [
    0.3415841584158416,
    0.48404255319148937
  ],
  "RECOVER_A_TO_B_L": [
    0.17326732673267325,
    0.8776595744680851
  ],
  "RECOVER_A_TO_B_R": [
    0.23267326732673269,
    0.8776595744680851
  ],
  "RECOVER_B_TO_C_L": [
    0.07425742574257425,
    0.7180851063829787
  ],
  "RECOVER_B_TO_C_R": [
    0.12376237623762376,
    0.7180851063829787
  ],
  "RESCUE_PRE_L": [
    0.4207920792079208,
    0.6436170212765957
  ],
  "RESCUE_PRE_R": [
    0.4900990099009901,
    0.6436170212765957
  ],
  "ROPE_PRE_L": [
    0.3118811881188119,
    0.48404255319148937
  ],
  "ROPE_PRE_R": [
    0.3811881188118812,
    0.48404255319148937
  ]
}