{
  "P1": [
    0.32882882882882886,
    0.5738636363636364
  ],
  "P2": [
    0.5540540540540541,
    0.5738636363636364
  ],
  "ROPE_PRE_L": [
    0.4189189189189189,
    0.5738636363636364
  ],
  "ROPE_PRE_R": [
    0.47297297297297297,
    0.5738636363636364
  ],
  "PLATFORM_C": [
    0.4189189189189189,
    0.5738636363636364
  ],
  "PLATFORM_B": [
    0.4369369369369369,
    0.8465909090909091
  ],
  "RECOVER_B_TO_C_L": [
    0.36486486486486486,
    0.8465909090909091
  ],
  "RECOVER_B_TO_C_R": [
    0.4189189189189189,
    0.8465909090909091
  ]
  // "double_cast_points": [
  //   "P3"
  // ]
}