{
  "PLATFORM_B": [
    0.32882882882882886,
    0.935
  ],
  "PLATFORM_C": [
    0.3918918918918919,
    0.735
  ],
  "RECOVER_B_TO_C_L": [
    0.3918918918918919,
    0.935
  ],
  "RECOVER_B_TO_C_R": [
    0.45495495495495497,
    0.935
  ],
  "ROPE_PRE_L": [
    0.47297297297297297,
    0.725
  ],
  "P1": [
    0.4369369369369369,
    0.725
  ],
  "P2": [
    0.4099099099099099,
    0.505
  ],
  "ROPE_PRE_R": [
    0.28378378378378377,
    0.735
  ],
  "double_cast_points": [
    "P1",
    "P2"
  ]
}