{
  "P1": [
    0.29141104294478526,
    0.675
  ],
  "P2": [
    0.6656441717791411,
    0.675
  ]
}