{
  "P1": [
    0.34662576687116564,
    0.675
  ],
  "P2": [
    0.6656441717791411,
    0.675
  ]
}