{
  "P1": [
    0.24761904761904763,
    0.4609375
  ],
  "P2": [
    0.3,
    0.4609375
  ],
  "PLATFORM_A": [
    0.3761904761904762,
    0.9296875
  ],
  "PLATFORM_B": [
    0.3380952380952381,
    0.6953125
  ],
  "PLATFORM_C": [
    0.2904761904761905,
    0.4609375
  ],
  "RECOVER_A_TO_B_L": [
    0.2904761904761905,
    0.9296875
  ],
  "RECOVER_A_TO_B_R": [
    0.3380952380952381,
    0.9296875
  ],
  "RECOVER_B_TO_C_R": [
    0.3,
    0.6953125
  ],
  "RECOVER_B_TO_C_L": [
    0.2619047619047619,
    0.6640625
  ]
}