{
  "P1": [
    0.8761904761904762,
    0.8333333333333334
  ],
  "P2": [
    0.8761904761904762,
    0.8333333333333334
  ],
  "PLATFORM_A": [
    0.8761904761904762,
    0.8333333333333334
  ],
  "PLATFORM_B": [
    0.8761904761904762,
    0.8333333333333334
  ],
  "PLATFORM_C": [
    0.8761904761904762,
    0.8333333333333334
  ],
  "RECOVER_A_TO_B_L": [
    0.8761904761904762,
    0.8333333333333334
  ],
  "RECOVER_A_TO_B_R": [
    0.8761904761904762,
    0.8333333333333334
  ],
  "RECOVER_B_TO_C_R": [
    0.8761904761904762,
    0.8333333333333334
  ],
  "RECOVER_B_TO_C_L": [
    0.8761904761904762,
    0.8333333333333334
  ]
}