{
  "ROPE_PRE_L": [
    0.2737226277372263,
    0.675531914893617
  ],
  "ROPE_PRE_R": [
    0.3248175182481752,
    0.675531914893617
  ],
  "P2": [
    0.3029197080291971,
    0.675531914893617
  ],
  "P1": [
    0.6751824817518248,
    0.675531914893617
  ],
  "P3": [
    0.3467153284671533,
    0.4734042553191489
  ],
  "P4": [
    0.6532846715328468,
    0.4734042553191489
  ]
}