{
  "P1": [
    0.506993006993007,
    0.5514705882352942
  ],
  "P2": [
    0.506993006993007,
    0.5514705882352942
  ],
  "T1": [
    0.506993006993007,
    0.5514705882352942
  ],
  "T2": [
    0.506993006993007,
    0.5514705882352942
  ]
}