{
  "P1": [
    0.7917082993300645,
    0.6207983353558708
  ],
  "P2": [
    0.22727272727272727,
    0.625
  ],
  "T1": [
    0.6468531468531469,
    0.8970588235294118
  ],
  "T2": [
    0.32517482517482516,
    0.9044117647058824
  ],
  "ROPE_PRE_L": [
    0.24125874125874125,
    0.9044117647058824
  ],
  "ROPE_PRE_R": [
    0.28321678321678323,
    0.9044117647058824
  ]
}