{
  "P1": [
    0.7780108685260052,
    0.6214052462110332
  ],
  "P2": [
    0.7878787878787878,
    0.5833333333333334
  ],
  "T1": [
    0.7878787878787878,
    0.5833333333333334
  ],
  "T2": [
    0.7878787878787878,
    0.5833333333333334
  ]
}