{
  "P1": [
    0.4317073170731707,
    0.7992957746478874
  ],
  "T1": [
    0.4121951219512195,
    0.7992957746478874
  ],
  "P2": [
    0.24634146341463414,
    0.6408450704225352
  ],
  "T2": [
    0.24634146341463414,
    0.6408450704225352
  ],
  "P3": [
    0.20243902439024392,
    0.4823943661971831
  ],
  "P4": [
    0.5487804878048781,
    0.7992957746478874
  ],
  "T4": [
    0.5829268292682926,
    0.7992957746478874
  ],
  "P5": [
    0.7341463414634146,
    0.6514084507042254
  ],
  "T5": [
    0.7341463414634146,
    0.6514084507042254
  ],
  "P6": [
    0.8463414634146341,
    0.44014084507042256
  ]
}