{
  "P1": [
    0.47212543022341846,
    0.3294768534915548
  ],
  "P2": [
    0.5,
    0.7570422535211268
  ],
  "T2": [
    0.5829268292682926,
    0.7992957746478874
  ],
  "P3": [
    0.7341463414634146,
    0.6514084507042254
  ],
  "T3": [
    0.7341463414634146,
    0.6514084507042254
  ],
  "P4": [
    0.8707317073170732,
    0.4119718309859155
  ],
  "P5": [
    0.4902439024390244,
    0.7992957746478874
  ],
  "T5": [
    0.4073170731707317,
    0.8028169014084507
  ],
  "P7": [
    0.15365853658536585,
    0.44014084507042256
  ],
  "P6": [
    0.24146341463414633,
    0.6408450704225352
  ],
  "T6": [
    0.24634146341463414,
    0.6408450704225352
  ],
  "T7": [
    0.5,
    0.7570422535211268
  ],
  "P8": [
    0.4951219512195122,
    0.5140845070422535
  ],
  "T8": [
    0.4951219512195122,
    0.5140845070422535
  ]
}