{
  "P1": [
    0.38321167883211676,
    0.601063829787234
  ],
  "P2": [
    0.7408759124087592,
    0.601063829787234
  ],
  "P3": [
    0.7043795620437956,
    0.44148936170212766
  ],
  "P4": [
    0.3759124087591241,
    0.44148936170212766
  ],
  "ROPE_PRE_L": [
    0.8211678832116789,
    0.6170212765957447
  ],
  "ROPE_PRE_R": [
    0.864963503649635,
    0.6063829787234043
  ],
  "RESCUE_PRE_L": [
    0.7481751824817519,
    0.7712765957446809
  ],
  "RESCUE_PRE_R": [
    0.8211678832116789,
    0.7712765957446809
  ]
}