{
  "x": 6,
  "y": 40,
  "w": 143,
  "h": 70,
  "exclusion_zones": [
    [
      0.32867132867132864,
      0.5571428571428572
    ]
  ]
}