{
  "x": 4,
  "y": 26,
  "w": 143,
  "h": 68,
  "hsv_yellow_lower_h": 20,
  "hsv_yellow_lower_s": 100,
  "hsv_yellow_lower_v": 140,
  "hsv_yellow_upper_h": 40,
  "hsv_yellow_upper_s": 255,
  "hsv_yellow_upper_v": 255,
  "hsv_white_lower_h": 0,
  "hsv_white_lower_s": 0,
  "hsv_white_lower_v": 210,
  "hsv_white_upper_h": 180,
  "hsv_white_upper_s": 60,
  "hsv_white_upper_v": 255,
  "circularity_min": 0.7,
  "min_area_fraction": 0.00015,
  "max_area_fraction": 0.004,
  "edge_margin": 2,
  "exclusion_zones": [
    [
      0.3811188811188811,
      0.7205882352941176
    ],
    [
      0.6363636363636364,
      0.8676470588235294
    ],
    [
      0.8706293706293706,
      0.5588235294117647
    ],
    [
      0.8671328671328671,
      0.27941176470588236
    ]
  ]
}